,State,Customer Lifetime Value,Monthly Premium,Months Since Last Claim,Income,Months Since Policy Inception,Number of Policies,Total Claim Amount,Complaints,Gender
0,washington,2763.519279,69,32.0,56274.0,5,1,$384.81 ,2.0,F
1,arizona,6979.535903,94,13.0,48385.454545454544,42,8,"$1,131.46 ",0.0,F
2,nevada,12887.43165,108,18.0,48767.0,38,2,$566.47 ,1.0,M
3,california,7645.861827,106,18.0,48385.454545454544,65,7,$529.88 ,2.0,F
4,washington,2813.692575,73,12.0,43836.0,44,1,$138.13 ,4.0,M
5,oregon,8256.2978,69,14.0,62902.0,94,2,$159.38 ,1.0,M
6,oregon,5380.898636,67,18.037037037037038,55350.0,13,9,$321.60 ,0.0,M
7,arizona,7216.100311,101,18.037037037037038,48385.454545454544,68,4,$363.03 ,3.0,M
8,oregon,24127.50402,71,13.0,14072.0,3,2,$511.20 ,5.0,F
9,oregon,7388.178085,93,17.0,28812.0,7,8,$425.53 ,2.0,F
10,california,4738.992021999999,67,23.0,48385.454545454544,5,3,$482.40 ,2.0,M
11,california,8197.197078,110,27.0,48385.454545454544,87,3,$528 ,0.0,M
12,california,8798.797003,110,9.0,77026.0,82,3,$472.03 ,0.0,M
13,arizona,8819.018934,110,23.0,99845.0,25,8,$528 ,1.0,M
14,california,5384.431665,70,21.0,83689.0,10,8,$307.14 ,2.0,F
15,oregon,7463.1393769999995,64,12.0,24599.0,50,2,$42.92 ,0.0,F
16,nevada,2566.867823,67,14.0,25049.0,7,1,$454.25 ,3.0,F
17,california,3945.241604,101,12.0,28855.0,59,1,$647.44 ,3.0,M
18,oregon,5710.333114999999,72,9.0,51148.0,1,7,$308.98 ,5.0,M
19,california,8162.617053,101,11.0,66140.0,21,3,$484.80 ,2.0,M
20,oregon,2872.051273,74,31.0,57749.0,21,1,$355.20 ,0.0,M
21,washington,3041.791561,79,8.0,13789.0,49,1,$379.20 ,3.0,M
22,arizona,24127.50402,71,13.0,14072.0,3,2,$511.20 ,1.0,M
23,nevada,2450.1909960000003,73,4.0,48385.454545454544,44,1,$554.38 ,2.0,F
24,california,2392.1078899999998,61,30.0,17870.0,91,1,$439.20 ,2.0,F
25,oregon,5802.0659780000005,72,22.0,97541.0,1,3,$389.19 ,2.0,F
26,california,3946.372085,111,15.0,48385.454545454544,47,1,$799.20 ,2.0,F
27,washington,5346.916576,139,33.0,10511.0,64,1,$516.24 ,2.0,M
28,arizona,12902.560140000001,111,33.0,86584.0,54,2,$532.80 ,2.0,M
